{"cameraMode":{"drawMode":0,"name":"Shaded","section":"Shading Mode"},"sceneLighting":false,"audioPlay":false,"sceneViewState":{"showFog":true,"showMaterialUpdate":false,"showSkybox":true,"showFlares":true,"showImageEffects":true,"showParticleSystems":true},"in2DMode":false,"pivot":{"x":46.03696060180664,"y":-4.959083557128906,"z":47.99371337890625},"rotation":{"x":0.08236926794052124,"y":0.7037471532821655,"z":-0.08271628618240357,"w":0.7007948160171509},"size":99.22911071777344,"orthographic":false}