{"cameraMode":{"drawMode":0,"name":"Shaded","section":"Shading Mode"},"sceneLighting":false,"audioPlay":false,"sceneViewState":{"showFog":true,"showMaterialUpdate":false,"showSkybox":true,"showFlares":true,"showImageEffects":true,"showParticleSystems":true},"in2DMode":false,"pivot":{"x":2.814997673034668,"y":-0.265857458114624,"z":-0.2661339044570923},"rotation":{"x":-0.045930419117212298,"y":-0.7160710692405701,"z":0.047329433262348178,"w":-0.6949047446250916},"size":10.15575885772705,"orthographic":false}