{"cameraMode":{"drawMode":0,"name":"Shaded","section":"Shading Mode"},"sceneLighting":false,"audioPlay":false,"sceneViewState":{"showFog":true,"showMaterialUpdate":false,"showSkybox":true,"showFlares":true,"showImageEffects":true,"showParticleSystems":true},"in2DMode":false,"pivot":{"x":2.7393417358398439,"y":14.038305282592774,"z":90.96737670898438},"rotation":{"x":0.11305949836969376,"y":0.691242516040802,"z":-0.11084326356649399,"w":0.7050638794898987},"size":137.20034790039063,"orthographic":false}