{"cameraMode":{"drawMode":0,"name":"Shaded","section":"Shading Mode"},"sceneLighting":false,"audioPlay":false,"sceneViewState":{"showFog":true,"showMaterialUpdate":false,"showSkybox":true,"showFlares":true,"showImageEffects":true,"showParticleSystems":true},"in2DMode":false,"pivot":{"x":2.6600000858306886,"y":1.0,"z":30.200000762939454},"rotation":{"x":-0.18523386120796204,"y":-0.0008881461108103395,"z":0.00016725348541513085,"w":-0.9826940298080444},"size":2.8578836917877199,"orthographic":false}